{
  "animation_speed": 400,
  "curve_points": [
    [
      0.203125,
      0.5078125
    ]
  ]
}